{
    "value": "\n{\"grammar_point\": \"\\u306f\\u305a\\u304c\\u306a\\u3044\", \"jlpt\": \"N4\", \"meaning\": \"Hardly possible, Cannot be, Highly unlikely, Improbable\", \"meaning_warning\": null, \"details\": {\"Register\": \"Standard\", \"\\u4f7f\\u7528\\u57df\": \"\\u4e00\\u822c\"}, \"writeup\": \"**\u306f\u305a\u304c\u306a\u3044** expresses a strong sense of improbability or denial.  It literally means something is \\\"not bound to be true.\\\"  It indicates that the speaker believes something is highly unlikely, not the only possibility, or even impossible based on their knowledge or reasoning.\\n\\nThe nuance is weaker than stating something is definitely not true.  Instead, it suggests that the conditions for something to be true are absent.  Because **\u306f\u305a\u304c\u306a\u3044** (a combination of the noun \\u7b48, the case-marking particle \\u304c, and the *i*-adjective \\u306a\\u3044) begins with a noun, it can follow any word that typically modifies a noun.\", \"examples\": [{\"japanese\": \"1\\u6642\\u9593\\u3082\\u65e9\\u304f\\u306b\\u5bb6\\u3092\\u51fa\\u305f\\u304b\\u3089\\u9045\\u308c\\u308b\u306f\u305a\u304c\u306a\u3044\u3002\", \"english\": \"Since I left the house an hour early, there's no way I'll be late.\"}, {\"japanese\": \"\\u3053\\u306e\\u7bb1\\u306f\\u91cd\\u3044\u306f\u305a\u304c\u306a\u3044\u3002\", \"english\": \"This box can't be heavy.\"}, {\"japanese\": \"\\u3088\u3057\\u3053\\u306e\\u5bb6\\u306f\\u7acb\\u6d3e\\u306a\u306f\u305a\u304c\u306a\u3044\u3002\", \"english\": \"It's highly unlikely that Yoshiko's house is splendid.\"}, {\"japanese\": \"\\u3042\u305d\u3053\u306b\u3044\u308b\\u4eba\u306f\\u3051\u3093\u305f\u306e\\u306f\u305a\u304c\u306a\u3044\u3002\", \"english\": \"The person over there can't be Ken.\"}, {\"japanese\": \"\\u5f7c\u306e\\u8eca\u306f\\u9ad8\u304f\u306a\u3044\u306f\u305a\u3060\u3002\", \"english\": \"His car shouldn't be expensive.\"}, {\"japanese\": \"\\u5f7c\u306e\\u8eca\u306f\\u9ad8\u3044\u306f\u305a\u304c\u306a\u3044\u3002\", \"english\": \"There's no way his car is expensive.\"}, {\"japanese\": \"\\u590f\u306b\\u96ea\u304c\\u964d\u308b\u306f\u305a\u304c\u306a\u3044\u3002\", \"english\": \"It's impossible for it to snow in the summer.\"}, {\"japanese\": \"\\u3042\u306e\u30d3\u30eb\u306f\\u53e4\u3059\u304e\u308b\u306e\u3067\u3001\\u75c5\\u9662\u306e\u306f\u305a\u304c\u306a\u3044\u3002\", \"english\": \"Since that building is so old, it's definitely not a hospital.\"}, {\"japanese\": \"\\u6709\\u540d\\u4eba\u306f\\u4eba\\u6c17\u3060\u304b\u3089\u3001\\u5bc2\u3057\u3044\u306f\u305a\u304c\u306a\u3044\u3002\", \"english\": \"Famous people are popular, so there's no way they're lonely.\"}, {\"japanese\": \"\\u305d\u308c\u306f\u3042\u306a\u305f\u306e\u30ab\u30d0\u30f3\u306e\u306f\u305a\u304c\u306a\u3044\u3002\", \"english\": \"That can't be your bag.\"}, {\"japanese\": \"\\u5c11\\u5e74\u306e\\u90e8\\u5c4b\u3060\u304b\u3089\u3001\\u7\u7eee\u4e3d\u306a\u306f\u305a\u304c\u306a\u3044\u3002\", \"english\": \"Since it's a boy's room, it's highly unlikely that it's clean.\"}, {\"japanese\": \"\\u5065\\u5eb7\\u306a\\u3088\\u3057\\u304a\\u304c\\u75c5\\u6c17\u306e\u306f\u305a\u304c\u306a\u3044\u3002\", \"english\": \"Healthy Yoshio can't be sick.\"}, {\"japanese\": \"\\u771f\\u9762\\u76ee\\u306a\\u3042\\u3086\\u307f\\u304c\\u3046\u305d\u3092\\u3064\u304f\u306f\u305a\u304c\u306a\u3044\u3002\", \"english\": \"Serious Ayumi wouldn't tell a lie.\"}], \"post_example_writeup\": \"Notice the difference in nuance between \u300c\\u5f7c\u306e\\u8eca\u306f\\u9ad8\u304f\u306a\u3044\u306f\u305a\u3060\u3002\u300d and \u300c\\u5f7c\u306e\\u8eca\u306f\\u9ad8\u3044\u306f\u305a\u304c\u306a\u3044\u3002\u300d.  The first, using **\u306f\u305a\u3060**, suggests a reasoned expectation that the car is not expensive. The second, using **\u306f\u305a\u304c\u306a\u3044**, expresses a stronger sense of disbelief or impossibility regarding the car being expensive.\\n\\n**\u306f\u305a\u304c\u306a\u3044** is not used for expressing personal desires or intentions.  It focuses on objective likelihood based on available information or general knowledge.\", \"url\": \"https://bunpro.jp/grammar_points/\\u306f\\u305a\\u304c\\u306a\\u3044\", \"false_friends\": [{\"term\": \"\\u306f\\u305a\\u3060\", \"meaning\": \"Bound to (be), Expected to (be), Should be (able)\", \"kind\": \"antonym\", \"nuance\": \"Expresses expectation or likelihood, the opposite of improbability.\"}, {\"term\": \"\\u308f\\u3051\\u3060\", \"meaning\": \"For that reason, No wonder, As you'd expect, Naturally, Thus, This is why\", \"kind\": \"antonym\", \"nuance\": \"Indicates a natural consequence or reason, not improbability.\"}, {\"term\": \"\\u306a\\u3044\\u3053\\u3068\\u306f\\u306a\\u3044\", \"meaning\": \"Is not impossible, It doesn't mean that it isn't\", \"kind\": \"antonym\", \"nuance\": \"Suggests possibility, the opposite of strong improbability.\"}, {\"term\": \"\\u3053\\u3068\\u306f\\u306a\\u3044\", \"meaning\": \"There is no need to, Never happens\", \"kind\": \"synonym\", \"nuance\": \"Indicates necessity or a habitual absence, not necessarily improbability in a specific instance.\"}, {\"term\": \"\\u308f\\u3051\\u3067\\u306f\\u306a\\u3044\", \"meaning\": \"It doesn't mean that, It is not the case, It's not like\", \"kind\": \"synonym\", \"nuance\": \"Denies a direct correlation or implication, not focused on probability.\"}, {\"term\": \"\\u308f\\u3051\\u304c\\u306a\\u3044\", \"meaning\": \"There is no way, There is no reason, It is impossible, Cannot be\", \"kind\": \"synonym\", \"nuance\": \"Expresses impossibility or lack of reason, similar but sometimes stronger than \\u306f\\u305a\\u304c\\u306a\\u3044.\"}, {\"term\": \"\\u3088\\u3046\\u304c\\u306a\\u3044\\u30fb\\u3088\\u3046\\u3082\\u306a\\u3044\", \"meaning\": \"There's no way to, It's impossible to\", \"kind\": \"synonym\", \"nuance\": \"Focuses on the impossibility of an action, not the improbability of a state.\"}, {\"term\": \"\\u3082\\u306e\\u304b\", \"meaning\": \"Definitely not, Absolutely not, Impossible, Do you really think~?\", \"kind\": \"synonym\", \"nuance\": \"Strong rhetorical question expressing disbelief, similar to a strong form of improbability.\"}, {\"term\": \"\\u305d\\u3046\\u3082\\u306a\\u3044\", \"meaning\": \"Very unlikely to, Does not seem that, Does not appear that\", \"kind\": \"synonym\", \"nuance\": \"Expresses a lower degree of probability based on appearance or feeling.\"}], \"post_false_friends_writeup\": \"While several expressions share a sense of low probability with **\u306f\u305a\u304c\u306a\u3044**, it's important to understand their subtle differences.\\n\\n**\u306f\u305a\u3060** indicates a reasonable expectation, the opposite of **\u306f\u305a\u304c\u306a\u3044**'s improbability.\\n\\nExpressions like **\u308f\u3051\u3060** indicate a logical conclusion or reason, whereas **\u306f\u305a\u304c\u306a\u3044** focuses on the lack of conditions for something to be true.\\n\\n**\u306a\u3044\u3053\u3068\u306f\u306a\u3044** suggests possibility, contrasting with the strong improbability of **\u306f\u305a\u304c\u306a\u3044**.\\n\\n**\u3053\u3068\u306f\u306a\u3044** expresses a lack of necessity, and while sometimes the lack of necessity implies improbability, it's not the core meaning.\\n\\n**\u308f\u3051\u3067\u306f\u306a\u3044** denies a direct connection, and **\u308f\u3051\u304c\u306a\u3044** expresses impossibility, which is a stronger sentiment than the typical usage of **\u306f\u305a\u304c\u306a\u3044**.\\n\\n**\u3088\u3046\u304c\u306a\u3044** focuses on the impossibility of an action, whereas **\u306f\u305a\u304c\u306a\u3044** relates to the improbability of a state or event.\\n\\nFinally, **\u307e\u3055\u304b** is a stronger expression of disbelief, often used rhetorically, and **\u305d\u3046\u3082\u306a\u3044** suggests a lower degree of probability based on current observation.\"}\n"
}