{
    "value": "\n{\"grammar_point\": \"\\u624b\\u524d\", \"jlpt\": \"N2\", \"meaning\": \"Before, In front of, From one's standpoint or side\", \"meaning_warning\": null, \"details\": {\"Register\": \"Standard\", \"\\u4f7f\\u7528\\u57df\": \"\\u4e00\\u822c\"}, \"writeup\": \"**\\u624b\\u524d** (te mae) can express several related meanings, often conveying a sense of immediacy or facing a situation directly.\\n\\nWhen used with a verb in its dictionary form, **\\u624b\\u524d** indicates a point immediately before an event or action.  It emphasizes the narrow window of opportunity or the imminence of something.  This can often be translated as \\\"just before\\\".\\n\\nWhen **\\u624b\\u524d** follows a noun and the particle \\u306e, it signifies something being physically in front of something else.  It can also express being in someone's presence or from their perspective.\\n\\nThe core idea of **\\u624b\\u524d** is that of being directly confronted by or facing something.\", \"examples\": [{\"japanese\": \"\\u5d16\\u304b\\u3089\\u843d\\u3061\\u308b\\u624b\\u524d\\u3067\\u5065\\u592a\\u3055\\u3093\\u306b\\u8155\\u3092\\u5f15\\u3063\\u5f35\\u3089\\u308c\\u305f\\u3002\", \"english\": \"Kenta pulled me by my arm just before I fell off the cliff.\"}, {\"japanese\": \"\\u52e2\\u3044\\u3067\\u624b\\u3092\\u4e0a\\u3052\\u3066\\u3057\\u307e\\u3063\\u305f\\u624b\\u524d\\u3001\\u7b54\\u3048\\u305a\\u306b\\u624b\\u3092\\u4e0b\\u3052\\u308b\\u308f\\u3051\\u306b\\u306f\\u3044\\u304b\\u306a\\u3044\\u3002\", \"english\": \"Having raised my hand in the heat of the moment, there's no way I can back out without answering the question.\"}, {\"japanese\": \"\\u5148\\u8f29\\u306b\\u306f\\u3044\\u3064\\u3082\\u304a\\u4e16\\u8a71\\u306b\\u306a\\u3063\\u3066\\u3044\\u308b\\u624b\\u524d\\u3001\\u5f7c\\u5973\\u306e\\u983c\\u307f\\u3092\\u65ad\\u308b\\u308f\\u3051\\u306b\\u306f\\u3044\\u304b\\u306a\\u3044\\u3002\", \"english\": \"Since my senpai always takes good care of me, there's no way I can refuse her request.\"}, {\"japanese\": \"\\u5a18\\u306e\\u624b\\u524d\\u3001\\u904b\\u52d5\\u97f3\\u75f4\\u306a\\u59ff\\u3092\\u898b\\u305b\\u308b\\u308f\\u3051\\u306b\\u306f\\u3044\\u304b\\u306a\\u3044\\u3002\", \"english\": \"I can't show my unathletic self in front of my daughter.\"}, {\"japanese\": \"\\u5f7c\\u5973\\u306e\\u5188\\u6bcd\\u306e\\u624b\\u524d\\u3001\\u767a\\u8a00\\u306b\\u306f\\u6c17\\u3092\\u4ed8\\u3051\\u306a\\u3051\\u308c\\u3070\\u3044\\u3051\\u306a\\u3044\\u3002\", \"english\": \"I have to be careful about what I say when I'm in front of my girlfriend's parents.\"}, {\"japanese\": \"\\u541b\\u306e\\u624b\\u524d\\u306b\\u3042\\u308b\\u3082\\u306e\\u3092\\u898b\\u3066\\u304f\\u3060\\u3055\\u3044\\u3002\", \"english\": \"Please look at the thing that is in front of you.\"}, {\"japanese\": \"\\u6b7b\\u3093\\u3067\\u3057\\u307e\\u3046\\u4e00\\u6b69\\u624b\\u524d\\u3067\\u52a9\\u304b\\u3063\\u305f\\u3002\", \"english\": \"I was helped just before I would have died. (on the brink)\"}, {\"japanese\": \"\\u79c1\\u306e\\u624b\\u524d\\u306e\\u4eba\\u304c\\u3001\\u79c1\\u306e\\u53cb\\u9054\\u3067\\u3059\\u3002\", \"english\": \"The person in front of me is my friend.\"}, {\"japanese\": \"\\u30aa\\u30eb\\u30ac\\u30f3\\u3092\\u3082\\u3063\\u3068\\u624b\\u524d\\u306b\\u914d\\u7f6e\\u3057\\u3066\\u304f\\u3060\\u3055\\u3044\\u3002\", \"english\": \"Please position the organ even further forward.\"}, {\"japanese\": \"\\u3053\\u308c\\u307e\\u3067\\u3088\\u3\u92c3\\u3082\\u624b\\u524d\\u3067\\u66f2\\u304c\\u308b\\u30ab\\u30fc\\u30d6\\u3092\\u6295\\u3052\\u3089\\u308c\\u308b\\u3088\\u3046\\u306b\\u306a\\u3063\\u305f\\u3002\", \"english\": \"I've become able to throw a curveball that breaks even earlier.\"}, {\"japanese\": \"\\u30c1\\u30fc\\u30e0\\u306e\\u624b\\u524d\\u3067\\u3001\\u5f7c\\u306f\\u52c7\\u6562\\u3042\\u308b\\u8a3c\\u660e\\u3092\\u884c\\u3063\\u305f\\u3002\", \"english\": \"In front of the team, he made a bold statement.\"}], \"post_example_writeup\": \"The nuance of **\\u624b\\u524d** changes slightly depending on the context.  When used with a verb, it emphasizes the temporal proximity. Think of it as being right at the cusp of an action. For example, \\\"\\u6b7b\\u3093\\u3067\\u3057\\u307e\\u3046\\u4e00\\u6b69\\u624b\\u524d\\u3067\\u52a9\\u304b\\u3063\\u305f\\\" highlights how close the speaker was to death.  \\n\\nWhen used with a noun and \\u306e, **\\u624b\\u524d** focuses on physical location or perspective.  \\\"\\u5a18\\u306e\\u624b\\u524d\\\" simply means \\\"in front of my daughter\\\".  The examples with  \\\"\\u308f\\u3051\\u306b\\u306f\\u3044\\u304b\\u306a\\u3044\\\" demonstrate the \\\"from one's standpoint\\\" meaning, emphasizing the speaker's inability to act otherwise given the situation they are facing.\", \"url\": \"https://bunpro.jp/grammar_points/\\u624b\\u524d\", \"false_friends\": [{\"term\": \"\\u307e\\u3048\\u306b\", \"meaning\": \"Before, In front of\", \"kind\": \"synonym\", \"nuance\": \"More formal and often refers to a point in time prior to an event or a location directly ahead. It carries a slightly more detached or objective feeling compared to the immediacy of \\u624b\\u524d.\"}], \"post_false_friends_writeup\": \"While both **\\u624b\\u524d** and **\\u307e\\u3048\\u306b** can mean \\\"before\\\" or \\\"in front of\\\", their usage differs in nuance.  **\\u624b\\u524d** often implies a more immediate or personal sense of \\\"before\\\" or \\\"in front of\\\". It can relate to one's current situation or perspective.  On the other hand, **\\u307e\\u3048\\u306b** tends to be more formal and objective, often referring to a point in time before something else or a location that is simply ahead.  To differentiate them, consider whether the focus is on the immediacy of the situation (**\\u624b\\u524d**) or a more general point in time or space (**\\u307e\\u3048\\u306b**).\"}\n"
}