{
    "value": "\n{\n  \"grammar_point\": \"\u3088\u3046\u306b\u30fb\u3088\u3046\u306a\",\n  \"jlpt\": \"N4\",\n  \"meaning\": \"As if, Just like\",\n  \"meaning_warning\": null,\n  \"details\": {\n    \"Register\": \"Standard\",\n    \"\u4f7f\u7528\u57df\": \"\u4e00\u822c\"\n  },\n  \"writeup\": \"The structure **\u3088\u3046\u306b** (youni) and **\u3088\u3046\u306a** (youna) expresses that something resembles or is in the manner of something else. \\n\\n**\u3088\u3046\u306b** is used to modify verbs and adverbs, indicating that an action is performed in a certain way or manner. It often translates to \\\"like,\\\" \\\"as if,\\\" or \\\"in a way that.\\\"\\n\\n**\u3088\u3046\u306a** is used to modify nouns, describing something that has the characteristics of something else.  It also translates to \\\"like\\\" or \\\"as if\\\" when describing a noun.\\n\\nSometimes this structure expresses the speaker's uncertainty about the comparison being made. In such cases, it can be translated as \\\"as if\\\" or \\\"as though.\\\"\",\n  \"examples\": [\n    {\n      \"japanese\": \"\u5f7c\u306f\u4e80\u306e\u3088\u3046\u306b\u6b69\u304f\u3002\",\n      \"english\": \"He walks like a turtle.\"\n    },\n    {\n      \"japanese\": \"\u30d0\u30b1\u30c4\u3092\u3072\u3063\u304f\u308a\u8fd4\u3057\u305f\u3088\u3046\u306b\u96e8\u304c\u964d\u3063\u3066\u3044\u308b\u3002\",\n      \"english\": \"It's raining as if a bucket was flipped over. (It's pouring rain)\"\n    },\n    {\n      \"japanese\": \"\u5f7c\u306e\u8eca\u306f\u5de5\u5834\u306e\u3088\u3046\u306a\u81ed\u3044\u304c\u3059\u308b\u3002\",\n      \"english\": \"His car smells like a factory. (His car has an industrial smell)\"\n    },\n    {\n      \"japanese\": \"\u7530\u4e2d\u5148\u751f\u306f\u9b3c\u306e\u3088\u3046\u306a\u6012\u308a\u65b9\u3092\u3059\u308b\u3002\",\n      \"english\": \"The way Tanaka-sensei gets angry is like a demon.\"\n    },\n    {\n      \"japanese\": \"\u5f7c\u306f\u4eca\u3001\u4eba\u3092\u6bba\u3059\u3088\u3046\u306a\u76ee\u3092\u3057\u3066\u3044\u308b\u3002\",\n      \"english\": \"Right now, his eyes look as if he is about to kill someone.\"\n    },\n    {\n      \"japanese\": \"\u5f7c\u5973\u306f\u98df\u3079\u904e\u304e\u305f\u3088\u3046\u306a\u9854\u3092\u3057\u3066\u3044\u308b\u3002\",\n      \"english\": \"She looks like she ate too much.\"\n    },\n    {\n      \"japanese\": \"\u3042\u306a\u305f\\u304c\u8a00\u3063\u305f\u3088\u3046\u306b\u3001\u4e8b\u6545\u304c\u8d77\u3053\u3063\u305f\u3002\",\n      \"english\": \"An accident happened just like you said.\"\n    },\n    {\n      \"japanese\": \"10\u4ee3\u306b\u623b\u3063\u305f\u3088\u3046\u306b\u697d\u3057\u304b\u3063\u305f\u3002\",\n      \"english\": \"It was fun, just like being in my teens again.\"\n    },\n    {\n      \"japanese\": \"\u541b\u304c\u8a00\u3046\u3088\u3046\u306b\u7dba\u9e97\u3067\u3059\u306d\u3002\",\n      \"english\": \"It is beautiful, just like you say.\"\n    },\n    {\n      \"japanese\": \"\u60f3\u50cf\u3067\u304d\u306a\u3044\u3088\u3046\u306a\u30a2\u30a4\u30c7\u30a2\u304c\u6ca2\u5c71\u3042\u308a\u307e\u3057\u305f\u3002\",\n      \"english\": \"I had ideas like you couldn't imagine.\"\n    },\n    {\n      \"japanese\": \"\u307e\u308b\u3067\u5b50\u4f9b\u306e\u3088\u3046\u306b\u6ce3\u3044\u305f\u3002\",\n      \"english\": \"I cried just like a child.\"\n    },\n    {\n      \"japanese\": \"\u5f7c\u306e\u8aac\u660e\u306f\u5922\u7269\u8a9e\u306e\u3088\u3046\u306a\u8a71\u3060\u3063\u305f\u3002\",\n      \"english\": \"His explanation was like a fairy tale.\"\n    }\n  ],\n  \"post_example_writeup\": \"Notice how **\u3088\u3046\u306b** connects to verbs (\u6b69\u304f - aruku) and the verb phrase (\u96e8\u304c\u964d\u3063\u3066\u3044\u308b - ame ga futteiru), describing the manner of the action. In contrast, **\u3088\u3046\u306a** connects directly to nouns (\u4e80 - kame, \u5de5\u5834 - koujou, \u9b3c - oni, \u76ee - me, \u9854 - kao, 10\u4ee3 - juudai, \u5922\u7269\u8a9e - yumemonogatari) to describe their characteristics or nature.\",\n  \"false_friends\": [\n    {\n      \"term\": \"\u306e\u3088\u3046\u306b\u30fb\u306e\u3088\u3046\u306a\",\n      \"meaning\": \"Like (Noun), Similar to (Noun)\",\n      \"kind\": \"synonym\",\n      \"nuance\": \"Directly compares nouns, often indicating similarity in essence or nature.\"\n    },\n    {\n      \"term\": \"\u305d\u3046\u306b\u30fb\u305d\u3046\u306a\",\n      \"meaning\": \"Seem, Look like, Sound\",\n      \"kind\": \"synonym\",\n      \"nuance\": \"Expresses a visual or auditory impression or inference.\"\n    },\n    {\n      \"term\": \"\u307f\u305f\u3044\u306b\u30fb\u307f\u305f\u3044\u306a\",\n      \"meaning\": \"Like, Similar to, Resembling\",\n      \"kind\": \"synonym\",\n      \"nuance\": \"Informal way to express similarity or resemblance.\"\n    },\n    {\n      \"term\": \"\u307f\u305f\u3044\",\n      \"meaning\": \"Like, Similar to, Resembling\",\n      \"kind\": \"synonym\",\n      \"nuance\": \"Informal way to express similarity, often used at the end of a sentence.\"\n    },\n    {\n      \"term\": \"\u305d\u3046\",\n      \"meaning\": \"Look like, Appear, Seem, Have a feeling that\",\n      \"kind\": \"synonym\",\n      \"nuance\": \"Indicates a visual appearance or a feeling based on observation.\"\n    },\n    {\n      \"term\": \"\u306b\u898b\u3048\u308b\",\n      \"meaning\": \"To look, To seem, To appear\",\n      \"kind\": \"synonym\",\n      \"nuance\": \"Focuses on visual appearance.\"\n    },\n    {\n      \"term\": \"\u3088\u3046\u3060\",\n      \"meaning\": \"It seems that, It appears that, It looks like\",\n      \"kind\": \"synonym\",\n      \"nuance\": \"Expresses a judgment or deduction based on available information.\"\n    },\n    {\n      \"term\": \"\u3088\u3046\u306b\uff5e\u3066\u307b\u3057\u3044\",\n      \"meaning\": \"Want ~ to ~ like ~, Want ~ to be able to ~, Want ~ to ~ in the way of ~\",\n      \"kind\": \"synonym\",\n      \"nuance\": \"Expresses a desire for someone to do something in a particular manner.\"\n    },\n    {\n      \"term\": \"\u6bce\uff5e\u306e\u3088\u3046\u306b\",\n      \"meaning\": \"Almost every ~, Nearly every ~, On a ~ basis\",\n      \"kind\": \"synonym\",\n      \"nuance\": \"Indicates a frequent occurrence, using \\\"like\\\" to emphasize the regularity.\"\n    },\n    {\n      \"term\": \"\u3088\u3046\u306a\u6c17\u304c\u3059\u308b\",\n      \"meaning\": \"Have a feeling that\",\n      \"kind\": \"synonym\",\n      \"nuance\": \"Expresses a vague feeling or intuition.\"\n    },\n    {\n      \"term\": \"\u3068\u304a\u308a\",\n      \"meaning\": \"In that way, Exactly, Precisely, Just as\",\n      \"kind\": \"synonym\",\n      \"nuance\": \"Indicates something happens exactly as described or expected.\"\n    },\n    {\n      \"term\": \"\u3075\u3046\u306b\",\n      \"meaning\": \"~ way, In a way that suggests, Like ~\",\n      \"kind\": \"synonym\",\n      \"nuance\": \"Emphasizes the manner or style in which something is done.\"\n    },\n    {\n      \"term\": \"\u3068\u3044\u3046\u98a8\u306b\",\n      \"meaning\": \"As if to say, As if to suggest that, In such a way that, Things like\",\n      \"kind\": \"synonym\",\n      \"nuance\": \"Indicates a way of speaking or behaving that suggests something.\"\n    },\n    {\n      \"term\": \"\u304b\u306e\u3088\u3046\u3060\",\n      \"meaning\": \"As if, Just like\",\n      \"kind\": \"synonym\",\n      \"nuance\": \"More literary or formal way to express \\\"as if\\\".\"\n    }\n  ],\n  \"post_false_friends_writeup\": \"While several grammar points express similarity, **\u3088\u3046\u306b** and **\u3088\u3046\u306a** have a specific function in describing the manner of an action or the characteristics of a noun.  Points like **\u305d\u3046** and **\u306b\u898b\u3048\u308b** focus on visual impressions.  **\u3088\u3046\u3060** expresses a judgment or deduction. **\u307f\u305f\u3044** is a more casual equivalent.  **\u3068\u304a\u308a** emphasizes exactness rather than resemblance. When you want to say something is *like* something else in terms of its actions or attributes, **\u3088\u3046\u306b** and **\u3088\u3046\u306a** are often the most appropriate choices.\",\n  \"url\": \"https://bunpro.jp/grammar_points/\\u3088\\u3046\\u306b-\\u3088\\u3046\\u306a\"\n}\n"
}