{
    "value": "\n{\n  \"grammar_point\": \"\u5fc5\u305a\u3057\u3082\",\n  \"jlpt\": \"N3\",\n  \"meaning\": \"Not always, Not entirely, Not necessarily\",\n  \"meaning_warning\": null,\n  \"details\": {\n    \"Register\": \"Standard\",\n    \"\u4f7f\u7528\u57df\": \"\u4e00\u822c\"\n  },\n  \"writeup\": \"**\u5fc5\u305a\u3057\u3082 (kanarazushimo)** expresses that something is not always true, not entirely the case, or not a necessity. It's crucial to remember that **\u5fc5\u305a\u3057\u3082** is used exclusively with negative verb endings or negative polarity items. \\n\\nWhile often considered a single adverb, **\u5fc5\u305a\u3057\u3082** is formed from the adverb **\u5fc5\u305a (kanarazu)** meaning \\\"invariably\\\" or \\\"certainly,\\\" combined with the adverbial particles **\u3057 (shi)** and **\u3082 (mo)**. The combination of **\u3057** and **\u3082** often strengthens the preceding word's meaning, giving a sense of \\\"absolutely certainly.\\\" \\n\\nHowever, because it's only used in negative contexts, the overall meaning becomes the opposite: \\\"not absolutely certainly.\\\" This is why it translates to phrases like \\\"not always,\\\" \\\"not entirely,\\\" or \\\"not necessarily.\\\"  **\u5fc5\u305a\u3057\u3082** often appears at the beginning of a clause, setting the stage for a statement that isn't 100% absolute.\",\n  \"examples\": [\n    {\n      \"japanese\": \"\u7537\u306e\u4eba\u306f\u5fc5\u305a\u3057\u3082\u5f37\u3044\u308f\u3051\u3067\u306f\u306a\u3044\u3002\",\n      \"english\": \"Men are not always strong.\"\n    },\n    {\n      \"japanese\": \"\u5211\u52d9\u6240\u306b\u3044\u308b\u4eba\u305f\u3061\u306f\u5fc5\u305a\u3057\u3082\u72af\u7f6a\u3092\u72af\u3057\u305f\u3068\u306f\u9650\u3089\u306a\u3044\u3002\",\n      \"english\": \"People in prison are not necessarily there because they committed a crime.\"\n    },\n    {\n      \"japanese\": \"\u5973\u306e\u4eba\u306f\u5fc5\u305a\u3057\u3082\u8cb7\u3044\u7269\u304c\u597d\u304d\u3060\u3068\u306f\u8a00\u3048\u306a\u3044\u3002\",\n      \"english\": \"Women don't always love shopping.\"\n    },\n    {\n      \"japanese\": \"\u7537\u306e\u4eba\u304c\u5fc5\u305a\u3057\u3082\u904b\u8ee2\u304c\u4e0a\u624b\u3068\u306f\u9650\u3089\u306a\u3044\u3002\",\n      \"english\": \"Men are not necessarily good drivers.\"\n    },\n    {\n      \"japanese\": \"\u601d\u3044\u51fa\u304c\u5fc5\u305a\u3057\u3082\u7f8e\u3057\u3044\u3068\u306f\u9650\u3089\u306a\u3044\u3002\",\n      \"english\": \"Memories are not always beautiful.\"\n    },\n    {\n      \"japanese\": \"\u5fc5\u305a\u3057\u3082\u4e0a\u9054\u3059\u308b\u308f\u3051\u3067\u306f\u306a\u3044\u3002\",\n      \"english\": \"You won't necessarily become more proficient.\"\n    },\n    {\n      \"japanese\": \"\u5148\u751f\u3060\u3051\u3069\u3001\u5fc5\u305a\u3057\u3082\u826f\u3044\u4eba\u3068\u306f\u9650\u308a\u307e\u305b\u3093\u3002\",\n      \"english\": \"Even though he's a teacher, it doesn't necessarily mean he's a good person.\"\n    },\n    {\n      \"japanese\": \"\u5931\u6557\u306f\u5fc5\u305a\u3057\u3082\u60aa\u3044\u308f\u3051\u3067\u306f\u306a\u3044\u3002\",\n      \"english\": \"Failure is not always a bad thing.\"\n    },\n    {\n      \"japanese\": \"\u5fd9\u3057\u3044\u4eba\u304c\u5fc5\u305a\u3057\u3082\u4e0d\u5e78\u305b\u3060\u3068\u306f\u9650\u308a\u307e\u305b\u3093\u3002\",\n      \"english\": \"Busy people are not necessarily unhappy.\"\n    },\n    {\n      \"japanese\": \"\u9ad8\u3044\u3082\u306e\u304c\u5fc5\u305a\u3057\u3082\u8cea\u304c\u826f\u3044\u3068\u306f\u9650\u3089\u306a\u3044\u3002\",\n      \"english\": \"Expensive things are not always of good quality.\"\n    }\n  ],\n  \"post_example_writeup\": \"Notice in the examples how **\u5fc5\u305a\u3057\u3082** is paired with a negative verb ending like **\u3067\u306f\u306a\u3044**, **\u3068\u306f\u9650\u3089\u306a\u3044**, or a negative polarity item like **\u308f\u3051\u3067\u306f\u306a\u3044**. This is a fundamental characteristic of this grammar point.  You'll often see patterns like \\\"**\u5fc5\u305a\u3057\u3082** X \u3068\u3044\u3046\u308f\u3051\u3067\u306f\u306a\u3044 (kanarazushimo X to iu wake dewa nai)\\\" meaning \\\"it's not necessarily the case that X\\\" or \\\"**\u5fc5\u305a\u3057\u3082** X \u3068\u306f\u9650\u3089\u306a\u3044 (kanarazushimo X to wa kagiranai)\\\" which also conveys \\\"not necessarily X\\\".\",\n  \"url\": \"https://bunpro.jp/grammar_points/\\u5fc5\\u305a\\u3057\\u3082\",\n  \"false_friends\": [\n    {\n      \"term\": \"\u3068\u306f\u9650\u3089\u306a\u3044\",\n      \"meaning\": \"Not necessarily so, Is not always true, There is no guarantee that\",\n      \"kind\": \"synonym\",\n      \"nuance\": \"Emphasizes the lack of guarantee or certainty.\"\n    },\n    {\n      \"term\": \"\u3068\u3044\u3046\u3082\u306e\u3067\u3082\u306a\u3044\",\n      \"meaning\": \"There is no guarantee that\u2026, Not necessarily\",\n      \"kind\": \"synonym\",\n      \"nuance\": \"Subtly implies a broader range of possibilities or exceptions.\"\n    }\n  ],\n  \"post_false_friends_writeup\": \"While **\u3068\u306f\u9650\u3089\u306a\u3044 (to wa kagiranai)** and **\u3068\u3044\u3046\u3082\u306e\u3067\u3082\u306a\u3044 (to iu mono de mo nai)** share a similar meaning with **\u5fc5\u305a\u3057\u3082**, there are slight nuances. **\u3068\u306f\u9650\u3089\u306a\u3044** focuses on the idea that there's no guarantee or absolute certainty.  For instance, saying \u300c\u52aa\u529b\u3059\u308c\u3070\u5fc5\u305a\u6210\u529f\u3059\u308b\u3068\u306f\u9650\u3089\u306a\u3044 (doryoku sureba kanarazu seikou suru to wa kagiranai)\u300d emphasizes that effort doesn't guarantee success. **\u3068\u3044\u3046\u3082\u306e\u3067\u3082\u306a\u3044** is a bit broader and can suggest that something isn't the *only* possibility or that there are other valid cases. For example, \u300c\u9ad8\u3044\u6599\u7406\u304c\u5fc5\u305a\u3057\u3082\u7f8e\u5473\u3057\u3044\u3068\u3044\u3046\u3082\u306e\u3067\u3082\u306a\u3044 (takai ryouri ga kanarazushimo oishii to iu mono de mo nai)\u300d suggests that expensive food isn't the only type of delicious food; other less expensive options can be delicious too.  While these differences are subtle, paying attention to the specific context can help you choose the most appropriate expression.\"\n}\n"
}