{
    "value": "\n{\"grammar_point\": \"\\u304b\\u3089\\u3057\\u3066\", \"jlpt\": \"N2\", \"meaning\": \"Even..., Judging from, Based on\", \"meaning_warning\": null, \"details\": {\"Register\": \"Standard\", \"\\u4f7f\\u7528\\u57df\": \"\\u4e00\\u822c\"}, \"writeup\": \"\\u304b\\u3089\\u3057\\u3066 combines the particle \\u304b\\u3089 (from) with the \\u3066-form of \\u3059\\u308b (to do). It indicates that the speaker is making an assessment or forming an opinion (B) based on a particular piece of information or method (A). This often translates to \\\"judging from (A)\\\" or \\\"based on (A).\\\"  The underlying sense is that \\\"going from (A), (B)\\\" is a reasonable conclusion.  This highlights that (A) serves as the available evidence or the means by which a judgment can be reached.  Therefore, the implication is, \\\"using this information, we can say (B)\\\" or \\\"using this method, we can conclude (B).\\\"\\n\\nBecause \\u304b\\u3089\\u3057\\u3066 suggests a degree of objectivity, it implies the speaker might not possess complete information and is making an informed guess.  The nuance is often that \\\"from the limited information about (A), (B) appears to be the likely situation.\\\"\", \"examples\": [{\"japanese\": \"\\u5c71\\u7530\\u3055\\u3093\\u306e\\u6027\\u683c\\u304b\\u3089\\u3057\\u3066\\u3001\\u5f7c\\u3068\\u4e00\\u7dd2\\u306b\\u4f4f\\u3080\\u3053\\u3068\\u306f\\u7121\\u7406\\u3060\\u308d\\u3046\\u3002\", \"english\": \"Based on Yamada's personality, it's probably impossible for me to live with him.\"}, {\"japanese\": \"\\u5024\\u6bb5\\u304b\\u3089\\u3057\\u3066\\u3001\\u3053\\u306e\\u304a\\u5e97\\u306f\\u65b0\\u9\u9bae\\u306a\\u98df\\u6750\\u3092\\u4f7f\\u3063\\u3066\\u3044\\u308b\\u306b\\u9055\\u3044\\u306a\\u3044\\u3002\", \"english\": \"Judging from the price, this restaurant must be using fresh ingredients.\"}, {\"japanese\": \"\\u3053\\u306e\\u30b2\\u30fc\\u30e0\\u306f\\u540d\\u524d\\u304b\\u3089\\u3057\\u3066\\u3064\\u307e\\u3089\\u306a\\u305d\\u3046\\u3060\\u3002\", \"english\": \"Judging from the name, this game seems boring.\"}, {\"japanese\": \"\\u3053\\u306e\\u30b9\\u30fc\\u30d7\\u306f\\u5302\\u3044\\u304b\\u3089\\u3057\\u3066\\u7f8e\\u5473\\u3057\\u305d\\u3046\\u3060\\u3002\", \"english\": \"Judging from the smell of this soup, it seems delicious.\"}, {\"japanese\": \"\\u79c1\\u306e\\u7d66\\u6599\\u304b\\u3089\\u3057\\u3066\\u4e00\\u6238\\u5efa\\u3092\\u8cb7\\u3046\\u3053\\u3068\\u306f\\u96e3\\u3057\\u3044\\u3060\\u308d\\u3046\\u3002\", \"english\": \"Based on my salary, buying a detached house would be difficult, wouldn't it?\"}, {\"japanese\": \"\\u5c0f\\u6797\\u3055\\u3093\\u306f\\u670d\\u88c5\\u304b\\u3089\\u3057\\u3066\\u82e5\\u305d\\u3046\\u3060\\u304c\\u3001\\u5b9f\\u306f\\uff15\\uff10\\u6b73\\u3060\\u3002\", \"english\": \"Judging from Kobayashi's attire, she looks young, but actually, she is 50 years old.\"}, {\"japanese\": \"\\u3042\\u306e\\u6f14\\u594f\\u304b\\u3089\\u3057\\u3066\\u3001\\u5f7c\\u306f\\u697d\\u5668\\u306e\\u30d7\\u30ed\\u3060\\u3002\", \"english\": \"Judging from that performance, he's a professional with that instrument.\"}, {\"japanese\": \"\\u30ab\\u30ed\\u30ea\\u30fc\\u304b\\u3089\\u3057\\u3066\\u3001\\u3053\\u306e\\u304a\\u83d3\\u5b50\\u3092\\u5168\\u90e8\\u98df\\u3079\\u305f\\u3089\\u5fc5\\u305a\\u592a\\u308a\\u307e\\u3059\\u3088\\u3002\", \"english\": \"Judging from the calories, if you eat all of these snacks, you'll definitely gain weight.\"}, {\"japanese\": \"\\u6728\\u6751\\u3055\\u3093\\u306e\\u8a71\\u3057\\u65b9\\u304b\\u3089\\u3057\\u3066\\u3001\\u3059\\u3054\\u304f\\u8208\\u596e\\u3057\\u3066\\u3044\\u308b\\u306e\\u304c\\u308f\\u304b\\u308b\\u3002\", \"english\": \"Judging from Kimura's way of speaking, you can tell he's very excited.\"}], \"post_example_writeup\": \"While \\u304b\\u3089\\u3057\\u3066 implies a reasoned judgment, it's important to remember that the conclusion is based on available information, which might be incomplete. Therefore, the speaker is presenting a likely scenario rather than a definitive fact. The scope of information (A) directly influences the strength of the conclusion (B).  For instance, saying \\\"judging from the price\\\" suggests a potentially reliable indicator of quality, whereas \\\"judging from the name\\\" might be a more superficial basis for an opinion.\", \"url\": \"https://bunpro.jp/grammar_points/\\u304b\\u3089\\u3057\\u3066\", \"false_friends\": [{\"term\": \"\\u304b\\u3089\\u898b\\u308b\\u3068\", \"meaning\": \"From the point of view of, By the look of\", \"kind\": \"synonym\", \"nuance\": \"Focuses on visual observation or perspective.\"}, {\"term\": \"\\u306b\\u3057\\u305f\\u3089\", \"meaning\": \"From the point of view of\", \"kind\": \"synonym\", \"nuance\": \"Emphasizes considering something's standpoint.\"}, {\"term\": \"\\u306b\\u5fdc\\u3058\\u3066\", \"meaning\": \"Depending or based on, According to, In response to, Suitable for or to,\", \"kind\": \"synonym\", \"nuance\": \"Indicates a direct correlation or suitability.\"}, {\"term\": \"\\u3053\\u3068\\u304b\\u3089\", \"meaning\": \"From the fact that\", \"kind\": \"synonym\", \"nuance\": \"Highlights a direct causal link from a stated fact.\"}, {\"term\": \"\\u306b\\u3057\\u3066\\u306f\", \"meaning\": \"(Even) considering, (Even) for\", \"kind\": \"synonym\", \"nuance\": \"Focuses on taking something into account, even if unexpected.\"}, {\"term\": \"\\u304b\\u3089\\u3059\\u308b\\u3068\\u30fb\\u304b\\u3089\\u3059\\u308c\\u3070\", \"meaning\": \"Judging from, Considering\", \"kind\": \"synonym\", \"nuance\": \"Similar to \\u304b\\u3089\\u3057\\u3066 but can be more conditional.\"}, {\"term\": \"\\u3068\\u3053\\u308d\\u3092\\u898b\\u308b\\u3068\", \"meaning\": \"Judging from, Seeing that\", \"kind\": \"synonym\", \"nuance\": \"Emphasizes observation as the basis for judgment.\"}, {\"term\": \"\\u306b\\u3082\\u3068\\u3065\\u3044\\u3066\", \"meaning\": \"Based on, In accordance with\", \"kind\": \"synonym\", \"nuance\": \"Suggests a formal basis or standard for judgment.\"}], \"post_false_friends_writeup\": \"While many phrases share the meaning of \\\"judging from\\\" or \\\"based on,\\\" subtle differences exist. \\u304b\\u3089\\u898b\\u308b\\u3068 often relates to visual evidence, while \\u306b\\u3057\\u305f\\u3089 emphasizes considering a viewpoint. \\u306b\\u5fdc\\u3058\\u3066 indicates a closer relationship of dependence or suitability.  \\u3053\\u3068\\u304b\\u3089 explicitly states a fact as the basis for the conclusion. \\u306b\\u3057\\u3066\\u306f carries a nuance of considering something, perhaps even against expectations. \\u304b\\u3089\\u3059\\u308b\\u3068 is quite similar to \\u304b\\u3089\\u3057\\u3066. \\u3068\\u3053\\u308d\\u3092\\u898b\\u308b\\u3068 highlights the act of seeing as the basis for judgment, and \\u306b\\u3082\\u3068\\u3065\\u3044\\u3066 implies adherence to a standard or guideline. To choose the most appropriate phrase, consider the specific nature of the evidence and the nuance you want to convey.\"}\n"
}